City_ID,City,Country,Lat,Lng,Max Temp,Humidity,Cloudiness,Wind Speed,Current Description
0,Bambous Virieux,MU,-20.34,57.76,73.0,83,75,6.93,shower rain
1,Qaanaaq,GL,77.48,-69.36,-1.98,87,99,1.25,overcast clouds
2,Torbay,CA,47.67,-52.73,30.0,58,75,18.34,broken clouds
3,Ales,FR,44.13,4.08,53.01,56,26,8.01,scattered clouds
4,Saint-Philippe,RE,-21.36,55.77,73.4,56,75,11.41,broken clouds
5,East London,ZA,-33.02,27.91,69.8,83,75,5.82,broken clouds
6,Castro,BR,-24.79,-50.01,65.21,69,0,8.39,light rain
7,Saskylakh,RU,71.92,114.08,-3.53,91,97,5.26,overcast clouds
8,Hilo,US,19.73,-155.09,80.6,74,90,5.82,overcast clouds
9,Barkly West,ZA,-28.54,24.52,66.2,77,100,3.36,moderate rain
10,Tiksi,RU,71.69,128.87,1.24,94,100,4.79,overcast clouds
11,Busselton,AU,-33.65,115.33,52.0,77,100,3.0,overcast clouds
12,Nizhniy Baskunchak,RU,48.22,46.83,53.51,45,0,4.34,clear sky
13,Upington,ZA,-28.45,21.26,69.8,60,100,10.29,light rain
14,Sayyan,YE,15.17,44.32,50.74,42,0,2.13,clear sky
15,Tasiilaq,GL,65.61,-37.64,33.8,50,40,9.17,scattered clouds
16,Port Blair,IN,11.67,92.75,80.89,79,5,4.9,light rain
17,Kaitangata,NZ,-46.28,169.85,62.01,75,100,1.99,overcast clouds
18,Port Alfred,ZA,-33.59,26.89,68.56,83,100,10.67,overcast clouds
19,Iqaluit,CA,63.75,-68.51,6.8,71,40,5.82,scattered clouds
20,Pontianak,ID,-0.03,109.33,76.75,88,100,1.9,moderate rain
21,Avarua,CK,-21.21,-159.78,71.6,88,95,9.17,moderate rain
22,Charters Towers,AU,-20.1,146.27,67.69,69,0,7.47,clear sky
23,Tchollire,CM,8.4,14.17,81.07,41,22,0.76,few clouds
24,Upernavik,GL,72.79,-56.15,17.98,96,100,8.01,light snow
25,Changde,CN,29.05,111.68,58.48,62,100,0.49,overcast clouds
26,Cape Town,ZA,-33.93,18.42,70.0,68,20,17.22,few clouds
27,Mataura,NZ,-46.19,168.86,60.01,92,100,10.0,overcast clouds
28,Saint George,US,37.1,-113.58,73.99,29,1,1.25,clear sky
29,Jamestown,US,42.1,-79.24,64.4,36,1,16.11,clear sky
30,Butaritari,KI,3.07,172.79,80.58,73,100,12.39,overcast clouds
31,Yamethin,MM,20.43,96.15,72.66,86,5,4.92,clear sky
32,Severo-Kurilsk,RU,50.68,156.12,36.52,89,96,27.22,overcast clouds
33,Council Bluffs,US,41.26,-95.86,73.0,43,40,6.93,scattered clouds
34,Yendi,GH,9.44,-0.01,85.55,40,100,4.14,overcast clouds
35,Ushuaia,AR,-54.8,-68.3,64.4,36,0,5.82,clear sky
36,Turukhansk,RU,65.82,87.98,8.83,93,38,10.83,scattered clouds
37,Yeroham,IL,30.99,34.93,68.0,22,0,9.1,clear sky
38,Hobart,AU,-42.88,147.33,45.0,65,20,6.85,few clouds
39,Derzhavinsk,KZ,51.1,66.32,33.96,85,0,10.54,clear sky
40,Vaini,TO,-21.2,-175.2,75.2,83,20,11.41,few clouds
41,Constitucion,CL,-35.33,-72.42,59.92,58,71,21.94,broken clouds
42,Mar Del Plata,AR,-38.0,-57.56,69.8,49,0,19.46,clear sky
43,Rocha,UY,-34.48,-54.33,65.61,57,0,13.2,clear sky
44,Morant Bay,JM,17.88,-76.41,77.0,94,75,24.16,shower rain
45,Bosaso,SO,11.28,49.18,76.05,56,0,2.98,clear sky
46,Punta Arenas,CL,-53.15,-70.92,46.4,81,90,4.7,overcast clouds
47,Deputatskiy,RU,69.3,139.9,-19.95,83,0,0.72,clear sky
48,Albany,US,42.6,-73.97,57.99,42,4,1.01,clear sky
49,Bluff,NZ,-46.6,168.33,60.01,92,79,10.0,moderate rain
50,Saint Anthony,US,45.02,-93.22,71.6,28,1,11.41,clear sky
51,Clyde,US,41.3,-82.98,71.6,35,1,13.87,clear sky
52,Bogande,BF,12.97,-0.14,88.52,24,0,8.81,clear sky
53,Cherskiy,RU,68.75,161.3,5.41,86,100,5.41,overcast clouds
54,Khandyga,RU,62.67,135.6,-3.73,92,100,2.08,light snow
55,Maceio,BR,-9.67,-35.74,84.2,70,0,10.29,clear sky
56,San Vicente,AR,-26.62,-54.13,79.02,24,0,6.64,clear sky
57,Kargil,IN,34.57,76.1,28.54,79,20,2.98,few clouds
58,Nikolskoye,RU,59.7,30.79,46.4,81,75,8.95,broken clouds
59,Port Elizabeth,ZA,-33.92,25.57,68.0,88,0,6.93,clear sky
60,Abu Dhabi,AE,24.47,54.37,80.6,65,0,3.36,clear sky
61,Ahuimanu,US,21.44,-157.84,82.4,78,90,6.93,overcast clouds
62,Esperance,AU,-33.87,121.9,48.2,87,90,6.93,overcast clouds
63,Santa Isabel,BR,-23.32,-46.22,73.4,60,40,10.29,scattered clouds
64,Victoria,HK,22.29,114.16,72.0,73,30,1.01,scattered clouds
65,Toamasina,MG,-18.17,49.38,75.2,83,40,4.7,scattered clouds
66,Touros,BR,-5.2,-35.46,86.0,58,20,17.22,few clouds
67,Japura,ID,-0.32,102.35,73.02,87,96,0.89,light rain
68,Saint-Pierre,RE,-21.34,55.48,73.4,56,75,11.41,broken clouds
69,Faanui,PF,-16.48,-151.75,79.61,79,94,16.53,overcast clouds
70,Axim,GH,4.87,-2.24,79.99,82,72,5.79,broken clouds
71,Vostok,RU,46.49,135.88,14.88,91,11,6.55,few clouds
72,Rikitea,PF,-23.12,-134.97,73.36,76,0,16.11,clear sky
73,Kapit,MY,2.02,112.93,74.59,94,100,1.81,light rain
74,Eureka,US,40.8,-124.16,68.0,77,90,3.36,overcast clouds
75,Carnarvon,AU,-24.87,113.63,69.8,94,0,14.99,clear sky
76,Cochabamba,BO,-17.39,-66.16,84.2,14,20,6.93,few clouds
77,Coquimbo,CL,-29.95,-71.34,59.0,77,90,12.75,overcast clouds
78,Ostrovnoy,RU,68.05,39.51,36.27,84,76,22.82,broken clouds
79,Prado,BR,-17.34,-39.22,71.8,89,100,6.87,moderate rain
80,Mahebourg,MU,-20.41,57.7,69.8,83,75,6.93,shower rain
81,Mineiros,BR,-17.57,-52.55,85.77,28,0,4.43,clear sky
82,Yellowknife,CA,62.46,-114.35,1.0,84,75,3.36,broken clouds
83,Goundam,ML,16.41,-3.67,89.47,14,8,4.79,clear sky
84,Aland,IN,17.57,76.57,69.06,47,0,9.15,clear sky
85,Paamiut,GL,61.99,-49.67,31.6,91,100,14.85,overcast clouds
86,Chokurdakh,RU,70.63,147.92,-14.19,84,0,5.84,clear sky
87,Tarare,FR,45.9,4.43,50.0,81,100,4.16,overcast clouds
88,Narsaq,GL,60.92,-46.05,30.2,80,75,5.64,broken clouds
89,Clyde River,CA,70.47,-68.59,5.0,65,75,17.22,broken clouds
90,Nelson Bay,AU,-32.72,152.15,64.4,82,90,4.7,light rain
91,Luderitz,NA,-26.65,15.16,62.98,86,92,13.04,overcast clouds
92,Kysyl-Syr,RU,63.9,122.76,0.88,93,88,4.72,overcast clouds
93,Hithadhoo,MV,-0.6,73.08,83.39,70,40,4.36,scattered clouds
94,Nuuk,GL,64.18,-51.72,26.6,100,75,5.82,shower rain
95,Churapcha,RU,62.0,132.43,-3.26,92,100,4.56,overcast clouds
96,Lagoa,PT,39.05,-27.98,60.82,73,4,18.16,clear sky
97,Dikson,RU,73.51,80.55,1.47,92,0,7.85,clear sky
98,Djibo,BF,14.1,-1.63,89.46,21,0,6.26,clear sky
99,Birjand,IR,32.87,59.22,46.4,13,0,4.7,clear sky
100,Hermanus,ZA,-34.42,19.23,68.0,78,100,7.0,overcast clouds
101,Igarka,RU,67.47,86.58,-0.11,90,67,9.82,broken clouds
102,Aiquile,BO,-18.2,-65.18,77.97,21,17,11.59,few clouds
103,Mitsamiouli,KM,-11.38,43.28,78.17,76,4,9.71,clear sky
104,Cabo San Lucas,MX,22.89,-109.91,88.0,58,5,3.36,clear sky
105,Basoko,CD,1.24,23.62,75.47,86,19,2.73,moderate rain
106,Itaituba,BR,-4.28,-55.98,89.6,62,40,2.86,light rain
107,Vanimo,PG,-2.67,141.3,78.48,83,100,4.68,very heavy rain
108,Atuona,PF,-9.8,-139.03,78.75,77,14,21.52,light rain
109,Gravdal,NO,68.12,13.5,41.0,86,75,10.29,broken clouds
110,Kapaa,US,22.08,-159.32,82.0,88,75,11.7,broken clouds
111,Ballina,AU,-28.87,153.57,60.01,93,62,8.03,broken clouds
112,Kichera,RU,55.94,110.1,20.88,91,100,2.75,overcast clouds
113,Bredasdorp,ZA,-34.53,20.04,66.2,88,42,10.29,scattered clouds
114,Thompson,CA,55.74,-97.86,26.6,100,90,3.36,overcast clouds
115,Fukuma,JP,33.77,130.47,42.8,87,0,4.7,clear sky
116,Santa Maria,BR,-29.68,-53.81,75.2,33,20,14.99,few clouds
117,Potsdam,DE,52.4,13.07,46.0,89,0,1.01,clear sky
118,Nichinan,JP,31.6,131.37,54.48,67,0,4.54,clear sky
119,Sao Joao Da Barra,BR,-21.64,-41.05,77.0,65,0,13.87,clear sky
120,Amurrio,ES,43.05,-3.0,53.01,81,40,1.12,scattered clouds
121,New Norfolk,AU,-42.78,147.06,45.0,66,0,1.01,clear sky
122,Nuoro,IT,40.32,9.33,64.4,82,75,2.24,broken clouds
123,Alihe,CN,50.57,123.72,17.01,92,0,2.66,clear sky
124,Libertador General San Martin,AR,-23.81,-64.79,95.0,20,0,5.01,clear sky
125,Saldanha,ZA,-33.01,17.94,64.4,77,88,3.36,overcast clouds
126,Kuching,MY,1.55,110.33,75.2,94,40,1.12,light rain
127,Caramay,PH,10.18,119.24,79.25,81,100,2.1,light rain
128,Kahului,US,20.89,-156.47,84.2,58,40,6.62,scattered clouds
129,Coahuayana,MX,18.73,-103.68,87.8,43,20,3.49,few clouds
130,Samana,DO,19.21,-69.34,87.8,66,20,6.93,few clouds
131,Serenje,ZM,-13.23,30.24,70.11,34,2,4.74,clear sky
132,Shimoda,JP,34.67,138.95,57.0,70,4,7.36,clear sky
133,Ilulissat,GL,69.22,-51.1,28.4,74,75,10.29,broken clouds
134,Boo,SE,59.33,18.28,44.6,87,40,9.17,scattered clouds
135,Fuerte Olimpo,PY,-21.04,-57.87,98.94,15,0,4.81,clear sky
136,Pisco,PE,-13.7,-76.22,66.99,77,0,11.41,clear sky
137,Krasnozerskoye,RU,53.98,79.24,33.03,89,100,22.97,overcast clouds
138,Chara,RU,56.91,118.26,10.72,83,100,1.32,overcast clouds
139,Harper,LR,4.38,-7.72,79.03,88,64,5.7,broken clouds
140,Hofn,IS,64.25,-15.21,48.2,57,40,33.33,scattered clouds
141,Ternate,ID,0.8,127.4,80.11,80,24,2.75,few clouds
142,Asau,RO,46.43,26.4,37.0,97,0,1.39,clear sky
143,Wuwei,CN,37.93,102.64,39.88,58,49,2.37,scattered clouds
144,Bethel,US,41.37,-73.41,62.01,38,1,9.17,clear sky
145,Saurimo,AO,-9.66,20.39,66.56,92,100,2.82,overcast clouds
146,Sabang,ID,5.89,95.32,81.52,75,100,3.33,overcast clouds
147,Alta Floresta,BR,-9.88,-56.09,93.2,52,20,4.7,few clouds
148,Lata,PT,40.16,-8.33,57.0,76,100,8.01,overcast clouds
149,Norman Wells,CA,65.28,-126.83,-5.8,76,75,2.24,light snow
150,Roald,NO,62.58,6.13,46.4,81,75,21.92,light intensity shower rain
151,Lumberton,US,34.62,-79.01,69.8,37,1,9.17,clear sky
152,Barrow,US,71.29,-156.79,26.6,73,75,26.4,haze
153,Bilibino,RU,68.05,166.44,4.62,91,100,5.61,overcast clouds
154,Iquique,CL,-20.22,-70.14,68.0,52,0,19.46,clear sky
155,Tuktoyaktuk,CA,69.45,-133.04,10.4,85,90,11.41,light snow
156,Kwinana,AU,-32.25,115.77,57.99,62,4,14.99,clear sky
157,Sarakhs,IR,36.54,61.16,51.8,32,0,2.24,clear sky
158,Tres Picos,MX,15.87,-93.53,86.67,50,100,12.55,overcast clouds
159,Matamoros,MX,25.53,-103.25,77.0,20,5,4.72,clear sky
160,Bengkulu,ID,-3.8,102.27,75.49,87,100,4.76,heavy intensity rain
161,Goderich,CA,43.75,-81.72,62.6,48,0,17.22,clear sky
162,Karratha,AU,-20.74,116.85,73.08,45,0,8.34,light rain
163,Severobaykalsk,RU,55.65,109.32,22.59,90,86,6.69,overcast clouds
164,Ordzhonikidze,KZ,52.44,61.74,39.33,74,8,11.01,clear sky
165,Airai,TL,-8.93,125.41,61.3,83,67,2.33,broken clouds
166,Guerrero Negro,MX,27.98,-114.06,82.0,37,0,10.49,clear sky
167,Puerto Ayora,EC,-0.74,-90.35,80.6,65,40,14.99,scattered clouds
168,Am Timan,TD,11.03,20.28,86.59,28,57,4.72,broken clouds
169,Saint-Augustin,CA,51.23,-58.65,29.46,72,100,18.86,overcast clouds
170,Souillac,MU,-20.52,57.52,69.8,83,75,6.93,shower rain
171,Zhezkazgan,KZ,47.8,67.71,31.23,84,0,6.17,clear sky
172,Kibre Mengist,ET,5.88,38.98,59.79,86,100,1.16,overcast clouds
173,Cerro Grande,HN,13.82,-87.25,66.2,100,90,9.17,light rain
174,Cidreira,BR,-30.18,-50.21,64.6,54,5,11.65,clear sky
175,Ondangwa,NA,-17.92,15.95,86.0,16,0,1.12,clear sky
176,Port Lincoln,AU,-34.73,135.87,53.6,62,80,11.05,broken clouds
177,Rawson,AR,-43.3,-65.1,76.75,34,27,25.81,scattered clouds
178,Bathsheba,BB,13.22,-59.52,86.0,66,20,17.22,few clouds
179,Leningradskiy,RU,69.38,178.42,3.7,78,72,7.56,broken clouds
180,Chuy,UY,-33.7,-53.46,63.93,54,0,11.21,clear sky
181,Najran,SA,17.49,44.13,64.4,23,0,0.31,clear sky
182,Sechura,PE,-5.56,-80.82,75.99,52,15,16.51,few clouds
183,Sorland,NO,67.67,12.69,42.8,87,40,25.28,light intensity shower rain
184,Wick,GB,58.43,-3.08,46.4,87,100,10.29,light rain
185,Cassilandia,BR,-19.11,-51.73,89.49,20,0,6.02,clear sky
186,Videira,BR,-27.01,-51.15,73.24,27,1,5.28,clear sky
187,Pangnirtung,CA,66.15,-65.71,8.6,55,20,13.87,few clouds
188,Kenai,US,60.55,-151.26,3.2,77,1,8.7,clear sky
189,Mecca,SA,21.43,39.83,78.31,68,0,5.75,clear sky
190,Librazhd,AL,41.18,20.32,59.0,93,75,2.08,broken clouds
191,Egvekinot,RU,66.32,-179.17,16.14,98,100,4.45,light snow
192,Emerald,AU,-23.53,148.17,68.0,72,0,5.82,clear sky
193,Provideniya,RU,64.38,-173.3,35.6,80,90,24.61,light rain
194,Geraldton,AU,-28.77,114.6,60.8,77,0,8.05,clear sky
195,Henties Bay,NA,-22.12,14.28,61.0,90,8,5.86,clear sky
196,Buchanan,LR,5.88,-10.05,80.6,94,75,4.7,thunderstorm
197,Tuatapere,NZ,-46.13,167.68,60.01,92,84,10.0,broken clouds
198,Villarrica,PY,-25.75,-56.43,88.45,19,0,8.41,clear sky
199,Becerril,CO,9.7,-73.28,82.78,82,94,2.37,moderate rain
200,Darnah,LY,32.77,22.64,69.84,73,94,18.28,overcast clouds
201,Xichang,CN,27.9,102.26,57.9,76,95,1.12,overcast clouds
202,Bahia Honda,CU,22.9,-83.16,79.61,82,89,17.85,moderate rain
203,Maple Creek,CA,49.92,-109.48,64.4,39,6,18.34,clear sky
204,Klaksvik,FO,62.23,-6.59,50.0,100,94,31.09,overcast clouds
205,Yen Bai,VN,21.7,104.87,67.66,76,83,0.31,broken clouds
206,Ilebo,CD,-4.32,20.58,74.1,86,3,0.27,light rain
207,Mill Valley,US,37.91,-122.55,69.01,74,0,1.01,clear sky
208,Evensk,RU,61.95,159.23,31.26,98,100,8.34,overcast clouds
209,Tezu,IN,27.92,96.17,65.01,82,29,4.83,light rain
210,Baran,IN,25.1,76.52,67.53,24,0,4.92,clear sky
211,Tautira,PF,-17.73,-149.15,84.2,70,40,16.11,scattered clouds
212,Port Hardy,CA,50.7,-127.42,51.8,87,75,8.05,light rain
213,Longyearbyen,SJ,78.22,15.64,32.0,94,75,18.34,broken clouds
214,Kodiak,US,57.79,-152.41,30.2,50,20,8.05,few clouds
215,Buala,SB,-8.14,159.59,81.19,78,100,6.8,overcast clouds
216,Georgetown,MY,5.41,100.34,80.01,94,20,5.82,few clouds
217,Diego De Almagro,CL,-26.37,-70.05,77.63,23,8,13.94,clear sky
218,Caledon East,CA,43.87,-79.87,68.0,45,5,16.11,clear sky
219,Srednekolymsk,RU,67.45,153.68,0.9,91,100,20.49,overcast clouds
220,Juliaca,PE,-15.5,-70.13,66.2,14,40,8.05,scattered clouds
221,Mvuma,ZW,-19.28,30.53,64.09,81,100,8.16,overcast clouds
222,Manali,IN,13.17,80.27,80.6,94,40,9.04,mist
223,Pachperwa,IN,27.52,82.65,63.95,50,0,3.65,clear sky
224,Olafsvik,IS,64.89,-23.71,44.38,70,25,33.91,scattered clouds
225,Komsomolskiy,UZ,40.43,71.72,46.4,39,0,6.93,mist
226,Miraflores,MX,19.22,-98.81,73.4,23,5,11.41,clear sky
227,Kajaani,FI,64.23,27.73,41.0,86,75,9.17,broken clouds
228,Norwich,GB,52.63,1.3,41.0,93,54,4.7,broken clouds
229,Roros,NO,62.57,11.38,35.6,74,75,9.17,broken clouds
230,Ashoknagar,IN,24.57,77.72,66.54,25,0,2.37,clear sky
231,Aklavik,CA,68.22,-135.01,5.0,84,90,6.93,overcast clouds
232,Nome,US,64.5,-165.41,15.8,72,90,3.36,overcast clouds
233,Lazo,RU,43.38,133.9,25.5,74,0,4.43,clear sky
234,Hollins,US,37.34,-79.94,69.01,28,1,4.7,clear sky
235,Qasigiannguit,GL,68.82,-51.19,28.4,74,75,10.29,broken clouds
236,Asosa,ET,10.07,34.53,65.17,84,0,4.76,clear sky
237,Belmonte,BR,-15.86,-38.88,71.6,88,90,3.36,mist
238,Vila Velha,BR,-20.33,-40.29,75.99,78,90,6.93,overcast clouds
239,Pangkalanbuun,ID,-2.68,111.62,74.48,96,100,4.99,heavy intensity rain
240,Okhotsk,RU,59.38,143.3,17.4,91,97,22.17,overcast clouds
241,Ulaanbaatar,MN,47.91,106.88,21.2,79,75,2.24,broken clouds
242,Tukrah,LY,32.53,20.58,68.86,63,93,8.5,overcast clouds
243,Gari,RU,59.43,62.35,33.44,93,73,9.13,broken clouds
244,Namibe,AO,-15.2,12.15,69.62,70,0,8.88,clear sky
245,Hirado,JP,33.36,129.55,55.81,48,0,8.52,clear sky
246,Qingquan,CN,30.45,115.26,59.5,58,98,2.64,overcast clouds
247,Kiruna,SE,67.86,20.23,30.2,92,32,10.29,scattered clouds
248,Gat,IL,31.61,34.76,68.0,22,59,1.99,light rain
249,Laguna,US,38.42,-121.42,70.0,42,1,3.47,clear sky
250,Kadoma,JP,34.73,135.58,44.01,84,0,1.63,clear sky
251,Alausi,EC,-2.2,-78.83,77.0,22,20,13.87,few clouds
252,Mount Gambier,AU,-37.83,140.77,44.6,87,40,5.82,scattered clouds
253,Andreapol,RU,56.65,32.27,45.09,92,100,6.93,light rain
254,Inta,RU,66.03,60.17,36.72,91,100,15.68,overcast clouds
255,Half Moon Bay,US,37.46,-122.43,69.01,77,1,13.87,clear sky
256,Adrar,MR,20.5,-10.07,84.67,14,7,4.61,clear sky
257,Kaeo,NZ,-35.1,173.78,62.01,97,100,11.01,moderate rain
258,Mayo,US,38.89,-76.51,68.0,48,1,11.41,clear sky
259,Kemin,KG,42.78,75.69,42.03,53,0,4.81,clear sky
260,Yasnyy,RU,51.03,59.87,41.77,66,41,11.05,scattered clouds
261,Mogadishu,SO,2.04,45.34,79.27,84,44,12.73,scattered clouds
262,Goya,AR,-29.14,-59.26,78.24,37,100,11.36,overcast clouds
263,Stabat,ID,3.76,98.45,74.64,93,100,1.9,overcast clouds
264,Aljezur,PT,37.32,-8.8,56.52,69,100,8.86,overcast clouds
265,Lompoc,US,34.64,-120.46,75.0,49,1,6.93,clear sky
266,Ribeira Grande,PT,38.52,-28.7,60.8,67,75,10.29,broken clouds
267,Ust-Omchug,RU,61.15,149.63,-2.29,89,100,6.87,overcast clouds
268,Dong Xoai,VN,11.53,106.92,71.96,94,100,1.5,overcast clouds
269,Varhaug,NO,58.61,5.65,46.0,86,100,4.0,overcast clouds
270,Bol,TD,13.46,14.71,84.94,39,95,15.75,overcast clouds
271,Beringovskiy,RU,63.05,179.32,36.28,92,100,17.13,overcast clouds
272,Rosetta,EG,31.4,30.42,73.4,60,40,12.75,scattered clouds
273,Belyy Yar,RU,53.6,91.39,30.2,58,40,17.9,scattered clouds
274,Lerwick,GB,60.15,-1.15,50.0,93,75,34.45,drizzle rain
275,Cerrito,CO,6.84,-72.69,77.0,73,40,3.36,scattered clouds
276,Luanda,AO,-8.84,13.23,78.8,74,20,3.36,few clouds
277,Cap Malheureux,MU,-19.98,57.61,73.0,71,65,5.99,broken clouds
278,Bowen,AU,-20.02,148.23,62.6,88,4,3.11,clear sky
279,Kulhudhuffushi,MV,6.62,73.07,82.24,64,0,2.15,clear sky
280,Coleraine,GB,55.13,-6.67,48.2,81,20,8.05,few clouds
281,Akyab,MM,20.15,92.9,78.91,81,1,2.71,clear sky
282,Svetlaya,RU,46.54,138.33,30.06,81,49,8.46,scattered clouds
283,Nurota,UZ,40.56,65.69,50.0,29,0,11.41,clear sky
284,Fort-Shevchenko,KZ,44.51,50.26,65.82,28,100,20.67,overcast clouds
285,Neenah,US,44.19,-88.46,68.0,29,1,12.75,clear sky
286,Flin Flon,CA,54.77,-101.86,35.6,95,90,3.36,overcast clouds
287,Khatanga,RU,71.97,102.5,-5.98,91,18,8.46,few clouds
288,Vredendal,ZA,-31.67,18.5,63.5,79,0,6.04,clear sky
289,Tynda,RU,55.17,124.72,5.07,92,95,2.82,overcast clouds
290,Homer,US,59.64,-151.55,21.0,48,1,3.36,clear sky
291,Stornoway,GB,58.21,-6.39,51.01,93,75,17.22,light rain
292,Alofi,NU,-19.06,-169.92,77.0,83,14,12.75,few clouds
293,Ourossogui,SN,15.61,-13.32,91.4,36,0,2.24,clear sky
294,Yambio,SS,4.57,28.4,71.31,91,45,2.86,scattered clouds
295,Puerto Asis,CO,0.51,-76.5,91.4,55,40,3.36,scattered clouds
296,Rio Grande,BR,-32.03,-52.1,69.8,49,75,18.34,broken clouds
297,Pandan,PH,14.05,124.17,78.85,84,100,9.15,light rain
298,Bizhbulyak,RU,53.7,54.26,40.71,73,74,4.83,broken clouds
299,Amor,PT,39.8,-8.86,54.0,62,75,8.05,broken clouds
300,Yar-Sale,RU,66.83,70.83,21.76,98,100,10.4,light snow
301,Zhigansk,RU,66.77,123.37,-0.74,92,100,6.6,overcast clouds
302,Kumano,JP,34.34,132.59,45.0,70,20,9.17,few clouds
303,San Carlos Del Zulia,VE,9.0,-71.91,87.35,68,33,3.65,light rain
304,Barinas,VE,8.62,-70.21,84.97,67,40,7.65,light rain
305,Arraial Do Cabo,BR,-22.97,-42.03,75.2,73,75,6.93,broken clouds
306,Vila Do Maio,CV,15.13,-23.22,78.8,74,0,10.29,clear sky
307,Sechelt,CA,49.47,-123.77,61.0,90,98,5.01,light rain
308,Nemuro,JP,43.32,145.57,42.69,72,24,20.22,few clouds
309,Wang Saphung,TH,17.3,101.77,69.44,89,100,1.25,overcast clouds
310,Ouesso,CG,1.61,16.05,71.38,93,69,2.28,light rain
311,Acari,PE,-15.43,-74.62,79.41,39,0,11.1,clear sky
312,Waitati,NZ,-45.75,170.57,66.99,64,100,5.01,overcast clouds
313,Norrkoping,SE,58.59,16.18,46.4,87,82,11.41,broken clouds
314,Eganville,CA,45.53,-77.1,55.99,65,1,9.17,clear sky
315,Kintinku,TZ,-5.88,35.23,75.2,50,20,20.8,few clouds
316,Mount Isa,AU,-20.73,139.5,75.2,44,0,8.05,clear sky
317,Nanpiao,CN,41.1,120.75,43.48,56,0,6.08,clear sky
318,Willowmore,ZA,-33.29,23.49,62.76,72,100,9.75,overcast clouds
319,Alakurtti,RU,66.97,30.35,39.0,88,99,7.0,overcast clouds
320,Dingle,PH,11.0,122.67,76.06,89,100,2.59,light rain
321,Darasun,RU,51.67,114.0,21.2,79,0,11.18,clear sky
322,Boende,CD,-0.22,20.87,74.77,90,94,1.97,light rain
323,Kharp,RU,66.8,65.81,35.51,94,100,8.68,light rain
324,Dauphin,CA,51.15,-100.05,59.0,41,1,20.8,clear sky
325,Champerico,GT,14.3,-91.92,87.8,70,40,6.93,scattered clouds
326,Kupang,ID,-10.17,123.58,79.2,76,81,6.87,broken clouds
327,Pasni,PK,25.26,63.47,74.86,72,0,13.13,clear sky
328,Beaverlodge,CA,55.22,-119.44,24.8,68,75,11.41,broken clouds
329,Ust-Karsk,RU,52.7,118.81,18.39,89,96,3.44,overcast clouds
330,Smithers,CA,54.78,-127.17,35.6,93,90,5.82,overcast clouds
331,Solnechnyy,RU,50.72,136.63,18.66,84,9,1.3,clear sky
332,Dong Hoi,VN,17.48,106.6,70.56,88,71,10.54,broken clouds
333,Balkanabat,TM,39.51,54.37,66.02,22,98,16.4,overcast clouds
334,Cururupu,BR,-1.83,-44.87,86.32,61,88,8.19,overcast clouds
335,Puerto Quijarro,BO,-17.78,-57.77,101.44,11,0,5.79,clear sky
336,Vao,NC,-22.67,167.48,72.95,85,0,8.08,clear sky
337,Huangnihe,CN,43.56,128.02,29.07,90,0,4.18,clear sky
338,Chhata,IN,27.72,77.5,69.06,25,0,4.29,clear sky
339,Sur,OM,22.57,59.53,71.31,53,0,5.79,clear sky
340,Birao,CF,10.28,22.79,79.7,34,0,5.35,clear sky
341,Bartica,GY,6.4,-58.62,78.8,94,40,6.93,light rain
342,Vila,PT,42.03,-8.16,48.0,76,100,8.99,overcast clouds
343,Borogontsy,RU,62.67,131.17,-1.66,92,100,3.56,overcast clouds
344,Camacha,PT,33.08,-16.33,60.8,82,40,17.22,light intensity shower rain
345,Kabalo,CD,-6.05,26.92,73.51,84,100,2.48,overcast clouds
346,North Bend,US,43.41,-124.22,66.2,77,90,10.29,overcast clouds
347,Moyale,KE,3.52,39.06,69.58,85,100,5.93,light rain
348,Opuwo,NA,-18.06,13.84,73.33,23,0,10.45,clear sky
349,Babushkin,RU,51.71,105.86,29.62,94,100,8.21,overcast clouds
350,Macheng,CN,31.18,115.03,58.12,53,81,0.63,broken clouds
351,Pevek,RU,69.7,170.31,2.28,86,95,3.24,overcast clouds
352,Polunochnoye,RU,60.87,60.42,36.77,88,0,11.86,clear sky
353,Turayf,SA,31.67,38.66,78.8,36,0,9.17,clear sky
354,Altay,CN,47.87,88.12,19.44,82,0,2.17,clear sky
355,Varna,BG,43.22,27.92,51.8,76,0,5.82,clear sky
356,Padre Bernardo,BR,-15.35,-48.5,83.62,48,88,3.89,overcast clouds
357,Bonthe,SL,7.53,-12.51,79.41,85,95,5.66,heavy intensity rain
358,Hobyo,SO,5.35,48.53,81.07,78,31,10.29,light rain
359,Yeppoon,AU,-23.13,150.73,64.4,88,0,7.23,clear sky
360,Puerto Madero,MX,14.72,-92.42,93.2,59,40,8.16,scattered clouds
361,Atar,MR,20.52,-13.05,89.35,12,0,6.87,clear sky
362,Kostomuksha,RU,64.57,30.58,37.44,87,18,9.4,light rain
363,Brooks,CA,50.58,-111.89,62.6,33,75,12.75,broken clouds
364,Flinders,AU,-34.58,150.86,64.99,86,100,7.0,moderate rain
365,Verkhnyaya Inta,RU,65.98,60.31,36.5,92,100,15.99,overcast clouds
366,Tarakan,ID,3.3,117.63,81.55,78,100,8.19,moderate rain
367,Los Llanos De Aridane,ES,28.66,-17.92,64.4,88,75,11.41,light intensity drizzle
368,Araouane,ML,18.9,-3.53,86.43,14,0,3.51,clear sky
369,Innisfail,AU,-17.53,146.03,68.72,84,58,4.32,broken clouds
370,Cotonou,BJ,6.37,2.42,82.4,88,40,6.93,scattered clouds
371,Ponta Do Sol,PT,32.67,-17.1,62.6,67,40,9.17,scattered clouds
372,Port Hedland,AU,-20.32,118.57,75.2,73,0,11.41,clear sky
373,Hualmay,PE,-11.1,-77.61,68.63,67,22,10.54,few clouds
374,Columbus,US,39.96,-83.0,69.8,34,1,14.99,clear sky
375,Simao,CN,22.79,100.97,62.2,96,98,2.06,overcast clouds
376,Ponta Delgada,PT,37.73,-25.67,59.0,67,40,13.87,scattered clouds
377,Coihaique,CL,-45.58,-72.07,53.6,62,75,11.41,broken clouds
378,Wanaka,NZ,-44.7,169.15,61.0,80,98,5.01,light rain
379,Tahoua,NE,14.89,5.27,84.2,21,0,6.93,clear sky
380,El Dorado,US,38.77,-120.52,79.0,18,0,1.01,clear sky
381,Norsup,VU,-16.07,167.38,75.2,94,75,5.53,broken clouds
382,Wenling,CN,28.37,121.36,59.0,71,96,6.13,overcast clouds
383,Marienburg,PL,54.04,19.03,46.0,100,56,8.95,broken clouds
384,Paita,PE,-5.09,-81.11,75.2,64,0,14.99,clear sky
385,Onega,RU,63.91,38.14,41.63,86,100,9.31,overcast clouds
386,Barra Do Corda,BR,-5.5,-45.25,82.53,70,100,4.0,overcast clouds
387,Tagusao,PH,9.19,117.81,79.43,79,100,3.44,heavy intensity rain
388,Buta,CD,2.79,24.73,73.53,95,100,2.62,light rain
389,Tacuarembo,UY,-31.73,-55.98,68.7,56,0,12.71,clear sky
390,Margate,GB,51.38,1.39,51.01,66,0,7.31,clear sky
391,Marzuq,YE,14.4,46.47,62.1,30,0,1.86,clear sky
392,San Patricio,US,28.02,-97.52,82.4,42,40,13.87,scattered clouds
393,Alvaraes,BR,-3.22,-64.8,93.2,36,40,2.24,scattered clouds
394,Berlevag,NO,70.86,29.09,33.8,80,75,34.45,broken clouds
395,Acapulco,MX,16.86,-99.89,87.8,45,5,5.82,clear sky
396,Dudinka,RU,69.41,86.18,-0.4,91,0,6.71,clear sky
397,Eyl,SO,7.98,49.82,78.22,72,81,14.97,broken clouds
398,Botngard,NO,63.77,9.81,45.0,81,75,28.86,light rain
399,Eenhana,NA,-17.47,16.33,86.0,16,0,1.12,clear sky
400,Katsuura,JP,35.13,140.3,53.6,58,20,14.99,few clouds
401,Yerbogachen,RU,61.28,108.01,15.39,96,100,5.03,overcast clouds
402,Narsimhapur,IN,22.95,79.2,63.43,34,0,1.97,clear sky
403,Talnakh,RU,69.49,88.4,-0.4,91,0,6.71,clear sky
404,Skibbereen,IE,51.55,-9.27,44.6,75,75,4.7,broken clouds
405,Cartagena,CO,10.4,-75.51,87.8,74,40,11.41,scattered clouds
406,Wad Madani,SD,14.4,33.52,87.08,22,0,12.3,clear sky
407,Sayat,TM,38.78,63.88,51.8,29,0,9.17,clear sky
408,Hovd,MN,48.01,91.64,23.09,92,2,2.26,clear sky
409,Fort Nelson,CA,58.81,-122.7,6.8,84,40,5.37,scattered clouds
410,Fujin,CN,47.26,132.03,26.37,78,0,8.37,clear sky
411,Urengoy,RU,65.97,78.37,8.37,95,100,9.01,overcast clouds
412,Katobu,ID,-4.94,122.53,75.72,91,16,2.51,few clouds
413,Vawkavysk,BY,53.16,24.45,46.51,93,100,7.52,overcast clouds
414,Westport,US,41.14,-73.36,62.01,54,1,5.82,clear sky
415,Denpasar,ID,-8.65,115.22,79.52,84,42,8.05,light rain
416,Yulara,AU,-25.24,130.99,71.6,49,2,13.87,clear sky
417,Demirci,TR,39.05,28.66,44.19,87,19,6.85,few clouds
418,Kumasi,GH,6.69,-1.62,77.85,77,100,4.09,overcast clouds
419,Santo Domingo,DO,18.5,-69.99,86.0,79,90,5.82,overcast clouds
420,Dunedin,NZ,-45.87,170.5,66.99,64,85,5.01,overcast clouds
421,Vestmannaeyjar,IS,63.44,-20.27,46.4,81,90,17.22,overcast clouds
422,La Rochelle,FR,46.17,-1.15,46.4,75,0,11.41,clear sky
423,Batabano,CU,22.72,-82.29,80.6,78,75,16.11,broken clouds
424,The Pas,CA,53.83,-101.25,33.8,99,20,2.24,few clouds
425,Bunia,CD,1.57,30.25,65.07,80,0,3.04,clear sky
426,Begoro,GH,6.39,-0.38,74.41,89,100,3.27,light rain
427,Vanavara,RU,60.34,102.28,17.26,96,100,7.58,overcast clouds
428,Anloga,GH,5.79,0.9,82.4,83,40,6.93,scattered clouds
429,Hasaki,JP,35.73,140.83,44.6,87,75,4.7,broken clouds
430,Moanda,GA,-1.56,13.22,77.0,94,20,2.24,thunderstorm
431,Broome,US,42.25,-75.83,62.01,38,1,12.75,clear sky
432,Zavetnoye,RU,47.12,43.89,49.42,54,86,8.14,overcast clouds
433,Nikel,RU,69.41,30.22,37.4,86,75,28.86,broken clouds
434,Sao Filipe,CV,14.9,-24.5,77.25,80,100,7.23,overcast clouds
435,Lebu,CL,-37.62,-73.65,55.8,61,0,9.51,clear sky
436,Chernyshevskiy,RU,63.01,112.47,10.45,97,88,1.92,overcast clouds
437,Noumea,NC,-22.28,166.46,71.6,94,90,1.12,overcast clouds
438,Nanortalik,GL,60.14,-45.24,33.08,89,100,7.38,overcast clouds
439,Lorengau,PG,-2.02,147.27,80.96,77,96,3.76,moderate rain
440,Morro Bay,US,35.37,-120.85,86.0,19,0,5.01,clear sky
441,Kavieng,PG,-2.57,150.8,83.05,72,100,1.63,light rain
442,Svetlogorsk,BY,52.63,29.73,43.02,91,27,8.05,scattered clouds
443,Kloulklubed,PW,7.04,134.26,77.0,94,90,11.45,overcast clouds
444,Cabedelo,BR,-6.98,-34.83,82.4,74,0,13.87,clear sky
445,Naze,JP,28.37,129.48,69.8,64,75,13.87,broken clouds
446,Caravelas,BR,-17.71,-39.25,72.36,84,100,6.8,heavy intensity rain
447,Seymchan,RU,62.88,152.43,-2.97,91,100,6.67,light snow
448,Cape Canaveral,US,28.41,-80.6,79.0,53,75,13.87,broken clouds
449,Namestovo,SK,49.41,19.48,46.99,3,100,3.0,light rain
450,Namatanai,PG,-3.67,152.43,80.65,79,100,7.27,light rain
451,Petropavlovsk-Kamchatskiy,RU,53.05,158.65,37.4,51,100,13.42,overcast clouds
452,Kimbe,PG,-5.55,150.14,75.6,86,99,4.0,overcast clouds
453,Imeni Poliny Osipenko,RU,52.42,136.49,12.7,88,3,3.67,clear sky
454,Glenwood Springs,US,39.55,-107.32,61.0,52,1,4.7,clear sky
455,Antigonish,CA,45.62,-62.0,37.99,41,39,3.0,scattered clouds
456,Gouyave,GD,12.16,-61.73,86.0,66,20,17.22,few clouds
457,Mmathubudukwane,BW,-24.6,26.43,75.2,60,0,4.7,clear sky
458,Aykhal,RU,66.0,111.5,-4.0,83,90,2.24,light shower snow
459,Zaqatala,AZ,41.63,46.64,59.0,87,75,2.24,broken clouds
460,Inskoy,RU,54.43,86.44,28.6,93,100,20.74,overcast clouds
461,Merrill,US,45.18,-89.68,71.6,26,1,10.29,clear sky
462,Mandalgovi,MN,45.76,106.27,30.72,76,100,14.67,overcast clouds
463,Wufeng,CN,27.45,104.83,43.29,96,100,3.91,overcast clouds
464,Saint-Louis,SN,16.33,-15.0,95.0,36,0,2.33,clear sky
465,Faya,SA,18.39,42.45,62.6,82,20,4.7,few clouds
466,Kununurra,AU,-15.77,128.73,77.0,78,0,3.36,clear sky
467,Klaebu,NO,63.3,10.48,42.8,87,75,18.34,broken clouds
468,Tilichiki,RU,60.47,166.1,34.07,100,100,24.87,moderate rain
469,Miri,MY,4.41,114.01,75.2,94,40,9.17,scattered clouds
470,Grafton,US,42.21,-71.69,57.0,50,1,14.99,clear sky
471,Huntsville,US,34.73,-86.59,71.01,34,1,4.97,clear sky
472,Dakar,SN,14.69,-17.44,86.0,70,0,4.7,clear sky
473,Lavumisa,SZ,-27.31,31.89,86.0,51,100,9.17,overcast clouds
474,Klyuchi,RU,52.27,79.17,32.59,85,100,18.14,overcast clouds
475,Parfenyevo,RU,58.48,43.41,42.84,95,100,6.26,overcast clouds
476,Batyrevo,RU,55.07,47.61,39.65,91,3,2.21,clear sky
477,Omsukchan,RU,62.53,155.8,0.54,90,100,6.87,light snow
478,Cuamba,MZ,-14.8,36.54,80.71,36,7,4.12,clear sky
479,Meadow Lake,US,34.8,-106.54,73.0,26,20,6.67,few clouds
480,Ancud,CL,-41.87,-73.82,57.99,87,75,18.34,broken clouds
481,Bayir,TR,37.27,28.22,62.6,45,0,11.41,clear sky
482,Pozo Colorado,PY,-23.49,-58.8,94.86,15,0,6.78,clear sky
483,Dhar,IN,22.6,75.3,66.2,42,0,4.7,clear sky
484,Juazeiro,BR,-9.41,-40.5,75.2,88,75,2.24,light rain
485,Sangar,RU,63.92,127.47,-0.94,91,100,7.47,overcast clouds
486,Northam,GB,51.03,-4.22,46.0,91,29,1.99,scattered clouds
487,Nouadhibou,MR,20.93,-17.03,68.0,82,0,14.99,clear sky
488,Posse,BR,-14.09,-46.37,78.19,70,81,4.72,moderate rain
489,Nishihara,JP,26.18,127.76,73.4,49,75,13.87,broken clouds
490,Alikovo,RU,55.74,46.75,39.2,93,90,8.95,mist
491,Sulangan,PH,11.14,123.72,81.0,80,100,7.67,moderate rain
492,Tiarei,PF,-17.53,-149.33,84.2,70,40,16.11,scattered clouds
493,Sambava,MG,-14.27,50.17,72.41,81,1,9.22,clear sky
494,Ringkobing,DK,56.09,8.24,48.99,81,4,3.0,clear sky
495,Bilma,NE,18.69,12.92,75.56,20,0,6.71,clear sky
496,Sakakah,SA,29.97,40.21,68.0,49,0,8.05,clear sky
497,Teguldet,RU,57.31,88.17,27.79,97,100,17.85,snow
498,Yabassi,CM,4.46,9.97,80.6,100,75,2.24,thunderstorm with light rain
499,Kundiawa,PG,-6.02,144.97,61.65,80,92,0.63,overcast clouds
500,Ust-Nera,RU,64.57,143.2,1.02,85,100,6.2,overcast clouds
501,Manacapuru,BR,-3.3,-60.62,87.8,55,20,3.36,few clouds
502,Leh,IN,34.17,77.58,28.49,69,10,4.09,clear sky
503,Saint-Jovite,CA,46.12,-74.6,46.4,61,89,2.24,overcast clouds
504,San Policarpo,PH,12.18,125.51,79.59,83,100,6.38,moderate rain
505,Sheltozero,RU,61.37,35.37,45.3,86,100,12.19,light rain
506,Hearst,CA,49.68,-83.67,33.8,100,94,5.82,overcast clouds
507,Tommot,RU,58.96,126.29,13.84,94,97,5.73,overcast clouds
508,Assomada,CV,15.1,-23.68,78.8,74,0,10.29,clear sky
509,Poronaysk,RU,49.22,143.12,29.34,88,12,11.41,few clouds
510,Boone,US,39.03,-92.33,73.99,25,94,4.0,overcast clouds
511,Wanlaweyn,SO,2.62,44.89,76.78,88,95,12.41,light rain
512,Yalova,TR,40.66,29.28,55.4,87,75,6.93,broken clouds
513,Quatre Cocos,MU,-20.21,57.76,73.0,83,75,6.93,shower rain
514,Bolgatanga,GH,10.79,-0.85,87.24,30,5,1.79,clear sky
515,Asuncion,PY,-25.3,-57.64,91.4,16,0,10.29,clear sky
516,Gizo,SB,-8.1,156.84,82.63,76,100,8.37,moderate rain
517,Antofagasta,CL,-23.65,-70.4,66.0,68,40,19.46,scattered clouds
518,Lixourion,GR,38.2,20.43,62.6,88,40,0.18,scattered clouds
519,Oranjestad,AW,12.52,-70.03,84.2,70,75,21.92,shower rain
520,Cao Bang,VN,22.67,106.25,63.19,76,85,1.07,overcast clouds
521,Kibala,TD,9.11,18.35,82.4,69,0,2.44,clear sky
522,Cockburn Town,TC,21.46,-71.14,84.2,66,75,12.75,broken clouds
523,Batemans Bay,AU,-35.72,150.18,51.01,96,100,7.0,moderate rain
524,Caxito,AO,-8.58,13.66,78.8,74,20,3.36,few clouds
525,Mahanoro,MG,-19.9,48.8,71.92,83,29,6.91,scattered clouds
526,Hamilton,US,39.18,-84.53,70.0,32,20,13.87,few clouds
527,Mahibadhoo,MV,3.78,72.97,82.78,73,69,2.91,broken clouds
528,Cabungan,PH,16.34,120.0,80.17,82,100,6.76,overcast clouds
529,Usinsk,RU,65.99,57.53,36.43,95,100,9.53,overcast clouds
530,Zhanaozen,KZ,43.3,52.8,62.91,27,100,12.37,overcast clouds
531,Llangefni,GB,53.26,-4.31,50.0,81,75,4.7,broken clouds
532,Veraval,IN,20.9,70.37,80.47,58,0,2.64,clear sky
533,Mineros,BO,-17.12,-63.23,98.6,22,0,5.82,clear sky
534,Coolum Beach,AU,-26.53,153.1,66.0,89,0,1.01,clear sky
535,Moindou,NC,-21.69,165.68,71.6,94,90,1.12,overcast clouds
536,Sept-Iles,CA,50.2,-66.38,33.8,43,54,8.05,broken clouds
537,Caborca,MX,30.58,-111.1,89.01,27,43,1.01,scattered clouds
538,La Ronge,CA,55.1,-105.28,42.8,93,75,5.82,light rain
539,San Jeronimo,PE,-11.95,-75.28,63.52,40,6,4.36,light rain
540,Bocas Del Toro,PA,9.33,-82.25,66.0,100,100,3.0,light rain
541,Grants,US,35.15,-107.85,66.2,24,1,8.05,clear sky
542,Sisimiut,GL,66.94,-53.67,26.92,97,100,24.27,snow
543,Grand Gaube,MU,-20.01,57.66,73.0,71,73,5.99,broken clouds
544,Matadi,CD,-5.82,13.45,81.97,74,11,4.0,few clouds
545,Harnoli,PK,32.28,71.55,68.61,23,0,3.31,clear sky
546,Tortoli,IT,39.93,9.66,64.4,82,75,2.24,broken clouds
547,Lar,IN,26.2,83.97,66.81,32,0,1.92,clear sky
548,Labuhan,ID,-6.88,112.21,79.59,84,100,7.36,light rain
549,Padang,ID,-0.95,100.35,78.08,71,100,3.29,moderate rain
550,Presidencia Roque Saenz Pena,AR,-26.79,-60.44,86.94,24,60,8.7,broken clouds
551,Vila Franca Do Campo,PT,37.72,-25.43,59.0,67,40,13.87,scattered clouds
552,Belaya Gora,RU,68.53,146.42,-17.07,80,56,4.09,broken clouds
553,Gravelbourg,CA,49.88,-106.55,64.4,34,85,24.16,overcast clouds
554,Ust-Tsilma,RU,65.44,52.15,38.12,85,92,6.8,overcast clouds
555,Salalah,OM,17.02,54.09,75.2,64,0,2.24,clear sky
556,Kruisfontein,ZA,-34.0,24.73,69.01,80,100,3.0,overcast clouds
557,Parit Buntar,MY,5.13,100.49,78.8,94,20,2.35,few clouds
558,Ambon,ID,-3.7,128.18,81.0,92,82,5.41,broken clouds
559,Kuhdasht,IR,33.53,47.61,53.29,59,0,0.83,clear sky
560,Viedma,AR,-40.81,-63.0,88.63,23,100,21.05,light rain
561,Taoudenni,ML,22.68,-3.98,79.23,16,0,3.85,clear sky
562,Vangaindrano,MG,-23.35,47.6,71.69,85,93,7.85,overcast clouds
563,Rundu,NA,-17.93,19.77,79.74,41,67,6.58,broken clouds
564,Maxixe,MZ,-23.86,35.35,78.8,83,40,13.87,scattered clouds
565,Matay,EG,28.42,30.78,67.62,52,0,7.7,clear sky
566,Rehoboth,NA,-23.32,17.08,64.9,29,0,14.45,clear sky
567,Burley,US,42.54,-113.79,68.0,15,1,9.17,clear sky
568,Tura,IN,25.52,90.22,63.86,57,0,0.65,clear sky
569,Strelka,RU,58.07,93.03,28.24,97,100,12.3,overcast clouds
570,Buraydah,SA,26.33,43.98,69.8,28,0,4.7,clear sky
571,Raypur,IN,22.41,88.51,75.2,64,40,4.79,haze
572,Stepnoye,RU,51.4,46.87,42.01,74,0,3.0,clear sky
573,Beidao,CN,34.57,105.89,49.82,71,100,0.43,light rain
574,Weihai,CN,37.5,122.11,53.33,62,79,10.69,broken clouds
575,Kavaratti,IN,10.57,72.64,82.67,76,91,6.87,overcast clouds
576,Teya,RU,60.38,92.63,23.88,95,100,10.04,light snow
577,Yarmouth,US,41.71,-70.23,53.01,57,1,12.75,clear sky
578,Chapais,CA,49.78,-74.85,23.0,92,90,9.17,overcast clouds
579,Samarai,PG,-10.62,150.67,79.68,82,77,11.03,light rain
580,Alice Springs,AU,-23.7,133.88,71.6,46,0,8.05,clear sky
581,Gamba,GA,-2.65,10.0,76.64,91,100,3.47,overcast clouds
582,Baruun-Urt,MN,46.68,113.28,21.29,86,77,2.55,broken clouds
583,Vitim,RU,59.45,112.56,22.53,97,100,5.28,light snow
584,Chicama,PE,-7.84,-79.15,66.2,72,3,12.75,clear sky
585,Sakaiminato,JP,35.55,133.23,42.8,93,20,8.05,few clouds
586,Biloela,AU,-24.42,150.5,64.33,84,0,3.78,clear sky
587,Olga,RU,43.74,135.29,28.13,80,97,3.78,overcast clouds
588,Bubaque,GW,11.28,-15.83,84.15,74,31,11.03,light rain
589,Mafinga,TZ,-7.25,35.07,73.4,53,0,7.83,clear sky
590,Ulaangom,MN,49.98,92.07,21.34,80,77,3.94,broken clouds
591,La Rioja,ES,42.25,-2.5,48.99,81,75,2.24,broken clouds
592,Shakawe,BW,-18.37,21.85,81.61,35,91,3.87,overcast clouds
593,Razdolnoye,RU,43.55,131.92,15.8,85,8,6.71,clear sky
594,Gorontalo,ID,0.54,123.06,74.98,88,0,2.06,clear sky
595,Acarau,BR,-2.89,-40.12,89.6,59,0,19.46,clear sky
596,Almaznyy,RU,48.04,40.05,50.0,76,0,13.42,clear sky
597,Lavrentiya,RU,65.58,-171.0,22.86,96,100,8.3,light snow
598,Taltal,CL,-25.4,-70.48,63.81,61,27,7.56,scattered clouds
599,Antalaha,MG,-14.9,50.28,70.27,81,100,6.98,overcast clouds
600,Avera,US,33.19,-82.53,71.6,21,1,6.93,clear sky
601,Aguada De Pasajeros,CU,22.39,-80.85,82.4,78,40,12.75,shower rain
602,Huarmey,PE,-10.07,-78.15,69.8,64,3,12.03,clear sky
603,Satipo,PE,-11.25,-74.64,96.08,29,48,1.88,scattered clouds
604,Nelidovo,RU,56.22,32.78,44.82,90,100,7.87,light rain
605,Biak,ID,-0.91,122.88,77.41,78,0,2.98,clear sky
606,Fortuna,US,40.6,-124.16,70.0,59,20,5.82,few clouds
607,Zhangye,CN,38.93,100.45,36.25,65,0,0.43,clear sky
608,Kailua,US,21.4,-157.74,81.0,78,90,6.93,overcast clouds
609,Pilar,BR,-9.6,-35.96,84.2,70,0,10.29,clear sky
610,Mabopane,ZA,-25.5,28.1,64.4,82,60,1.12,broken clouds
611,Taitung,TW,22.76,121.14,70.92,69,99,10.94,overcast clouds
612,Port Macquarie,AU,-31.43,152.92,55.99,98,91,6.13,overcast clouds
613,Macomb,US,40.46,-90.67,71.6,35,1,14.99,clear sky
614,Portland,US,45.52,-122.68,66.2,72,90,11.41,overcast clouds
615,Grindavik,IS,63.84,-22.43,44.6,81,75,24.16,broken clouds
616,Chokwe,MZ,-24.53,32.98,82.2,55,98,5.26,overcast clouds
617,Ranghulu,CN,46.65,124.87,27.81,79,0,2.71,clear sky
618,Balabac,PH,7.99,117.06,81.05,81,100,9.8,light rain
619,Brigantine,US,39.41,-74.36,64.4,45,1,10.29,clear sky
620,Sitka,US,57.05,-135.33,39.2,86,75,4.7,broken clouds
621,College,US,64.86,-147.8,-25.6,67,20,1.07,few clouds
622,Nchelenge,ZM,-9.35,28.73,78.04,61,69,3.98,broken clouds
623,Port Shepstone,ZA,-30.74,30.45,71.6,85,100,8.08,overcast clouds
624,Yeniseysk,RU,58.45,92.17,28.51,98,100,11.74,overcast clouds
625,Primorsko,BG,42.27,27.77,55.4,71,40,13.87,scattered clouds
626,Ixtapa,MX,20.7,-105.2,86.0,45,5,6.93,clear sky
627,Maragogi,BR,-9.01,-35.22,81.34,68,17,12.62,few clouds
628,Tibiri,NE,13.56,7.05,84.2,28,26,4.7,dust
629,Luganville,VU,-15.53,167.17,75.2,94,75,3.38,broken clouds
630,Porto Novo,BJ,6.5,2.6,82.4,88,40,6.93,scattered clouds
631,Petrinja,HR,45.44,16.29,52.0,87,90,6.93,drizzle
632,Lakes Entrance,AU,-37.88,147.98,51.01,95,95,14.34,overcast clouds
633,Synya,RU,65.37,58.04,37.49,96,100,6.98,overcast clouds
634,Shingu,JP,33.73,135.98,45.82,70,0,5.75,clear sky
635,Adeje,ES,28.12,-16.73,72.0,77,40,18.34,scattered clouds
636,Banyo,CM,6.75,11.82,69.51,72,19,3.36,few clouds
637,Takoradi,GH,4.88,-1.76,80.47,81,4,6.51,clear sky
638,Povenets,RU,62.85,34.83,44.22,89,100,11.9,light rain
639,Shwebo,MM,22.57,95.7,72.97,94,37,6.08,moderate rain
640,Passos,BR,-20.72,-46.61,79.92,35,6,6.51,clear sky
641,Fredericton,CA,45.95,-66.67,33.8,26,90,4.7,overcast clouds
642,Nioro,GM,13.35,-15.75,84.33,57,30,10.92,scattered clouds
643,Vallenar,CL,-28.57,-70.76,77.05,34,15,8.72,few clouds
644,Sungaipenuh,ID,-2.08,101.38,66.52,93,100,0.83,overcast clouds
645,Fuzhou,CN,26.06,119.31,64.4,72,0,13.42,clear sky
646,Pudozh,RU,61.81,36.53,44.47,89,100,9.48,light rain
647,Russellville,US,35.28,-93.13,71.6,37,1,5.82,clear sky
648,Livramento,BR,-3.03,-60.18,87.8,55,20,3.36,few clouds
649,Oxford,GB,51.75,-1.26,41.0,93,0,4.36,clear sky
650,Katangli,RU,51.71,143.23,24.12,85,62,18.54,broken clouds
651,Nakamura,JP,32.98,132.93,45.55,72,0,3.44,clear sky
652,Bolu,TR,40.67,31.58,44.46,82,76,4.88,broken clouds
653,Spas-Demensk,RU,54.41,34.02,41.2,94,49,6.85,scattered clouds
654,Changli,CN,39.7,119.15,44.49,63,10,4.41,clear sky
655,Tonj,SS,7.27,28.68,77.74,74,4,3.47,clear sky
656,Cherusti,RU,55.55,40.01,41.07,94,81,5.46,broken clouds
657,Abancay,PE,-13.63,-72.88,59.0,58,40,10.29,scattered clouds
658,Kalevala,RU,65.2,31.17,38.91,84,75,9.44,broken clouds
659,Kembe,CF,4.62,21.89,73.31,87,87,2.28,light rain
660,Seoul,KR,37.57,126.98,39.2,57,75,2.68,broken clouds
661,Shaowu,CN,27.34,117.48,54.27,65,34,1.99,light rain
662,Launceston,AU,-41.45,147.17,46.99,70,38,9.17,scattered clouds
663,Havelock,US,34.88,-76.9,71.6,43,1,9.17,clear sky
664,Linqiong,CN,30.42,103.46,57.99,100,75,4.47,mist
665,Arawa,PG,-6.21,155.54,77.02,77,100,0.67,overcast clouds
666,Santo Angelo,BR,-28.3,-54.26,82.99,17,0,3.0,clear sky
667,Kachug,RU,53.96,105.88,19.24,94,41,3.29,scattered clouds
668,Tomatlan,MX,19.93,-105.25,91.94,36,31,5.59,scattered clouds
669,Ekibastuz,KZ,51.67,75.37,32.81,83,99,20.13,overcast clouds
670,Mehamn,NO,71.04,27.85,39.2,81,40,20.8,scattered clouds
671,Conde,BR,-7.26,-34.91,82.4,74,0,13.87,clear sky
672,San Jose,US,37.34,-121.89,73.0,59,20,3.36,haze
673,Uvira,CD,-3.41,29.15,76.98,60,100,0.54,overcast clouds
674,Bongor,TD,10.28,15.37,85.03,26,0,7.11,clear sky
675,Honningsvag,NO,70.98,25.97,39.2,78,40,20.8,scattered clouds
676,Kirkuk,IQ,35.47,44.39,73.22,32,100,6.08,light rain
677,Palmer,US,42.16,-72.33,61.0,47,20,9.17,few clouds
678,Makakilo City,US,21.35,-158.09,82.4,69,1,10.29,clear sky
679,Nuevo Progreso,MX,23.17,-97.95,84.99,41,3,4.0,clear sky
680,Sibolga,ID,1.74,98.78,77.27,77,96,3.09,overcast clouds
681,Poum,NC,-20.23,164.02,75.58,81,22,8.52,few clouds
682,Inhambane,MZ,-23.86,35.38,78.8,83,40,13.87,scattered clouds
683,Soe,ID,-9.86,124.28,67.37,81,80,3.8,broken clouds
684,Las Guacamayas,MX,18.02,-102.22,89.17,46,0,4.0,clear sky
685,Kisangani,CD,0.52,25.2,75.29,80,75,2.26,broken clouds
686,Celestun,MX,20.87,-90.4,80.74,71,100,20.87,overcast clouds
687,Novaya Igirma,RU,57.13,103.91,24.33,94,100,10.13,overcast clouds
688,Parrita,CR,9.52,-84.32,69.8,94,75,8.05,mist
689,Manzhouli,CN,49.6,117.43,20.07,94,93,9.28,overcast clouds
690,Bahia De Caraquez,EC,-0.6,-80.42,82.4,61,20,14.99,few clouds
691,Manggar,ID,-2.88,108.27,77.97,88,100,11.12,heavy intensity rain
692,Bandar,ID,2.05,99.75,73.74,91,99,1.32,overcast clouds
693,High Prairie,CA,55.43,-116.49,24.8,79,0,1.12,clear sky
694,Chitral,PK,35.85,71.79,51.98,35,0,5.93,clear sky
695,Ushibuka,JP,32.19,130.02,55.33,54,0,6.2,clear sky
696,Kasongo-Lunda,CD,-6.47,16.82,72.95,91,100,1.83,moderate rain
697,Rabo De Peixe,PT,37.8,-25.58,59.0,67,40,13.87,scattered clouds
698,Kudahuvadhoo,MV,2.67,72.89,82.8,70,42,2.91,scattered clouds
699,Tyazhinskiy,RU,56.12,88.52,27.82,97,100,26.64,snow
700,Manta,EC,-0.95,-80.73,82.4,61,20,14.99,few clouds
701,Sola,VU,-13.88,167.55,77.0,94,75,7.85,broken clouds
702,Lucapa,AO,-8.42,20.74,66.51,99,100,7.9,moderate rain
703,Valparaiso,CL,-33.04,-71.63,60.8,67,75,8.05,light rain
704,Bijawar,IN,24.63,79.5,64.15,29,0,3.13,clear sky
705,Palafrugell,ES,41.92,3.16,55.0,59,21,15.01,few clouds
706,Pidhaytsi,UA,49.27,25.13,46.4,87,40,8.95,scattered clouds
707,Shadrinsk,RU,56.09,63.63,35.94,83,0,12.01,clear sky
708,Corning,US,42.14,-77.05,69.8,26,1,11.41,clear sky
709,San Carlos De Bariloche,AR,-41.15,-71.31,46.4,65,40,27.51,shower rain
710,Meulaboh,ID,4.14,96.13,76.06,88,100,4.09,overcast clouds
711,Aketi,CD,2.74,23.78,76.57,78,14,3.18,few clouds
712,Svetlograd,RU,45.34,42.85,42.8,75,0,4.47,clear sky
713,Bafata,GW,12.17,-14.75,79.07,77,28,5.7,scattered clouds
714,Asyut,EG,27.18,31.18,68.0,45,0,10.29,clear sky
715,La Sarre,CA,48.8,-79.2,36.0,98,100,6.93,overcast clouds
716,Benemerito De Las Americas,MX,16.52,-90.64,72.55,85,100,7.92,overcast clouds
717,Dickinson,US,29.46,-95.05,78.01,57,20,11.41,few clouds
